Site_number	Genomic_coordinate	RNA.base	x1	y1	Pair_coordinate
73	3304	A	205	55	
72	3303	C	205	70	3230
71	3302	A	205	85	3231
70	3301	A	205	100	3232
69	3300	T	205	115	3233
68	3299	T	205	130	3234
67	3298	C	205	145	3235
66	3297	T	205	160	3236
65	3296	T	218	170	3280
64	3295	C	231	170	3281
63	3294	T	244	170	3282
62	3293	C	257	170	3283
61	3292	C	270	170	3284
60	3291	T	282	163	
59	3290	T	295	160	
58	3289	A	306	168	
57	3288	A	312	181.5	
56	3287	C	306	195	
55	3286	T	295	203	
54	3285	T	282	200	
53	3284	G	270	193	3292
52	3283	G	257	193	3293
51	3282	A	244	193	3294
50	3281	G	231	193	3295
49	3280	A	218	193	3296
48	3279	C	220	205	
47	3278	T	228	214	
46	3277	G	230	225	
45	3276	A	220	230	
44	3275	C	209	228	
43	3274	A	200	238	3258
42	3273	T	200	253	3259
41	3272	T	200	268	3260
40	3271	T	200	283	3261
39	3270	C	200	298	3262
38	3269	A	208	308	
37	3268	A	208	323	
36	3267	A	200	334	
35	3266	A	187.5	336	
34	3265	T	175	334	
33	3264	T	167	323	
32	3263	C	167	308	
31	3262	A	175	298	3270
30	3261	A	175	283	3271
29	3260	A	175	268	3272
28	3259	A	175	253	3273
27	3258	T	175	238	3274
26	3257	A	163	228	
25	3256	C	152	215	3239
24	3255	G	139	215	3240
23	3254	C	126	215	3241
22	3253	T	113	215	3242
21	3252	A	104	224	
20:a	3251	A	92	230	
20	3250	T	79	230	
19	3249	G	69	222.5	
18	3248	G	63	208.5	
17:a	3247	C	63	196	
17	3246	C	69	184.5	
16	3245	C	79	177	
15	3244	G	92	177	
14	3243	A	104	183	
13	3242	G	113	192	3253
12	3241	A	126	192	3254
11	3240	C	139	192	3255
10	3239	G	152	192	3256
9	3238	G	163	183	
8	3237	T	173	173	
7	3236	A	180	160	3297
6	3235	G	180	145	3298
5	3234	A	180	130	3299
4	3233	A	180	115	3300
3	3232	T	180	100	3301
2	3231	T	180	85	3302
1	3230	G	180	70	3303